Code,Country,Obesity_Percentage,Population,Mean_BMI,id,Malnutrition_Percentage,Underweight_Percentage,Per_Capita_Wastage,Total_Wastage,Daily_Spend,Cost_Meat,Cost_Fruit,Cost_Lentils,Cost_Oils,Cost_StarchyStaples,Cost_Vegetables,Unaffordability,Continent
AFG,Afghanistan,19.2,41128771,23.4,4,30.4,6.9,122.6251011,5229654,0,0,0,0,0,0,0,0,Asia
ALB,Albania,23.4,2777689,26.7,8,4.5,1.3,87.27720148,243657,12.064707,1.15,0.78,0.42,0.11,0.48,0.61,400000,Europe
DZA,Algeria,23.8,44903225,25.5,12,2.5,4.4,108.0419658,5057909,8.043594,1.33,1.07,0.57,0.15,0.54,0.7,8300000,Africa
ASM,American Samoa,75.2,44273,0,16,0,0.3,69.66748637,3258,0,0,0,0,0,0,0,0,Oceania
AND,Andorra,18.1,79824,26.7,20,0,2.4,80.52429886,6598,0,0,0,0,0,0,0,0,Europe
AGO,Angola,11.5,35588987,23.3,24,23.2,9.9,83.72398102,3171950,3.4205022,1.12,0.73,0.41,0.2,1.12,0.43,24700000,Africa
ATG,Antigua and Barbuda,33.3,93763,26.7,28,0,4.7,84.48150834,7922,0,0.73,1.45,0.44,0.12,0.61,1.14,0,North America
ARG,Argentina,35.4,46234830,27.7,32,3.2,1.6,90.96594465,4156798,17.290493,0,0,0,0,0,0,0,South America
ARM,Armenia,24.5,2780469,26.3,51,1.7,2.7,95.23780701,283222,6.7156725,1,0.88,0.39,0.24,0.57,0.58,1500000,Europe
AUS,Australia,30.2,26014399,27.1,36,1.7,1.5,95.79777039,2559065,53.050495,0.49,0.77,0.27,0.08,0.25,0.72,800000,Oceania
AUT,Austria,15.4,9041851,25.6,40,1.7,1.9,81.35461653,742020,58.25852,0.55,0.72,0.1,0.06,0.27,0.73,300000,Europe
AZE,Azerbaijan,26.5,10141756,27.1,31,1.7,2.3,102.1092042,1055462,8.059334,1.04,0.63,0.35,0.18,0.65,0.44,100000,Europe
BHS,The Bahamas,47.3,409984,28,44,0,3.4,89.93403658,36089,0,0,0,0,0,0,0,0,North America
BHR,Bahrain,36.1,1472233,24.8,48,0,2.7,120.4766498,193612,0,1.16,0.46,0.51,0.17,0.53,0.83,0,Asia
BGD,Bangladesh,5.3,171186372,21.7,50,11.9,13.6,81.25025063,14101956,4.7816916,1.37,0.58,0.23,0.12,0.4,0.67,87600000,Asia
BRB,Barbados,38,281635,27.8,52,3.5,3.2,87.25267022,24646,0,0,0,0,0,0,0,0,North America
BLR,Belarus,21.4,9228071,26.6,112,1.5,1.8,74.43152583,674104,17.238052,0.87,0.97,0.27,0.21,0.61,0.5,100000,Europe
BEL,Belgium,20,11685814,26.1,56,1.5,1.8,70.52339251,827860,54.49564,0.54,0.76,0.11,0.05,0.22,0.64,100000,Europe
BLZ,Belize,42.3,405272,29.1,84,4.6,2.4,51.78002839,21596,4.6116567,0.71,0.23,0.28,0.1,0.53,0.98,300000,North America
BEN,Benin,11.2,13352864,23.5,204,10.3,8,82.26790295,1189816,4.0014644,1.15,0.38,0.31,0.19,0.61,0.6,7800000,Africa
BMU,Bermuda,33,63595,0,60,0,4.5,72.9933783,4718,0,0.62,0.26,0.23,0.11,0.5,0.74,0,North America
BTN,Bhutan,12.2,782455,23.9,64,0,3.3,19.04174731,15072,13.86247,1.34,1.45,0.4,0.25,0.56,0.95,200000,Asia
BOL,Bolivia,28.7,12224110,26.6,68,23,1.8,88.74553906,1101625,14.911999,1.21,0.65,0.39,0.17,0.76,0.69,1100000,South America
BIH,Bosnia and Herzegovina,21.2,3233526,25.8,70,1,1.8,87.57746701,277117,17.60119,1.02,0.74,0.62,0.37,0.65,1.18,200000,Europe
BWA,Botswana,18.3,2630296,24.3,72,24.3,12.7,52.59287465,132594,4.842955,1.16,0.42,0.46,0.16,0.55,0.56,1600000,Africa
BRA,Brazil,28.1,215313498,26.6,76,3.9,2.7,95.70625333,20289630,12.991237,0.83,0.65,0.94,0.13,0.62,0.67,64700000,South America
BRN,Brunei,31.7,449002,27.2,96,0,3.5,73.71396587,34109,0,1.2,0.86,0.46,0.12,0.63,1.2,0,Asia
BGR,Bulgaria,20.6,6465097,26.4,100,1.5,2.5,26.08583702,176280,23.402508,0.98,0.87,0.42,0.14,0.68,0.86,400000,Europe
BFA,Burkina Faso,6.7,22673762,22.2,854,15.4,11.4,88.56544707,2085610,3.1207023,0.94,0.4,0.34,0.23,0.55,0.58,13100000,Africa
BDI,Burundi,5,12889576,21.7,108,0,15.8,84.41627871,1185863,1.795875,1.58,0.45,0.25,0.14,0.67,0.42,11100000,Africa
CPV,Cape Verde,15.8,593149,24.5,132,12.6,5.3,100.1834716,52584,6.7278094,0.86,0.61,0.34,0.14,0.42,1.16,200000,Africa
KHM,Cambodia,4.4,16767842,22.2,116,4.6,11.4,80.49476155,1419831,0,1.14,0.6,0.43,0.26,0.67,1.09,0,Asia
CMR,Cameroon,14.9,27914536,24.3,120,5.7,6.2,85.41057627,2487472,3.9085712,1.39,0.24,0.26,0.16,0.58,0.34,14800000,Africa
CAN,Canada,26.2,38939056,26.9,124,1.7,1.7,75.9874844,3019925,56.303295,0.94,0.9,0.31,0.07,0.39,0.87,1100000,North America
CAF,Central African Republic,9.3,5579144,22.9,140,23.5,21.3,96.30141689,513353,1.5665926,1.33,0.21,0.2,0.13,0.56,0.84,4700000,Africa
TCD,Chad,6.7,17723315,21.9,148,35.1,16.1,80.30981669,1630217,3.106669,0.91,0.26,0.35,0.18,0.76,0.4,10100000,Africa
CHL,Chile,38.9,19603733,28,152,1.4,0.7,87.28780458,1725226,19.984573,0.8,0.75,0.41,0.27,0.58,1.05,8300000,South America
CHN,China,8.3,1412175000,23.8,156,2.5,4.3,76.56298016,108667369,12.008236,0.9,0.73,0.29,0.13,0.45,0.59,251300000,Asia
COL,Colombia,23.6,51874024,26.2,170,4.2,2.8,69.07828856,3653302,9.6840725,0.88,0.54,0.3,0.23,0.57,0.81,19500000,South America
COM,Comoros,16.3,836774,24.5,174,16.9,6.4,86.38654648,74865,4.389313,1.41,0.48,0.42,0.22,0.86,1.16,500000,Africa
COG,Republic of the Congo,8.5,5970424,23.2,178,26.8,13.7,84.01679467,532075,2.9803798,1.08,0.36,0.45,0.12,0.6,0.68,4600000,Africa
COK,Cook Islands,68.9,COK,32.9,184,0,0.5,125.5736033,1724,0,0,0,0,0,0,0,0,Oceania
CRI,Costa Rica,31.4,5180829,27.3,188,2,2.3,92.22988318,473131,17.262701,0.95,0.57,0.43,0.13,0.74,0.85,800000,North America
CIV,Ivory Coast,11.6,28160542,23.8,384,9.6,7.9,78.59138478,2509753,4.336595,1.38,0.27,0.16,0.18,0.62,0.32,13600000,Africa
HRV,Croatia,30.6,3855641,27.4,191,1.3,1.4,55.11544853,213590,28.754229,1.04,0.75,0.34,0.09,0.57,0.87,600000,Europe
CUB,Cuba,21.8,11212191,25.6,192,2.1,4.2,93.25306472,1023900,0,0,0,0,0,0,0,0,North America
CYP,Cyprus,22.9,1251488,26.8,196,1.5,1.8,65.33998881,88750,45.669167,0.81,0.75,0.33,0.1,0.46,0.74,100000,Europe
CZE,Czech Republic,26,10672118,27.1,203,1.8,1.2,67.41959221,723810,36.751797,0.79,0.65,0.38,0.09,0.44,0.78,400000,Europe
PRK,North Korea,10.8,26069416,24.1,408,0,9.7,0,0,0,0,0,0,0,0,0,0,Asia
COD,Democratic Republic of the Congo,6.6,99010212,22,180,37,13.2,19.26182327,2104855,1.1797127,1.72,0.29,0.27,0.13,0.58,0.32,88600000,Africa
DNK,Denmark,13.3,5903037,25.3,208,1.4,2.2,77.71258789,464520,57.08956,0.63,0.6,0.3,0.06,0.25,0.66,100000,Europe
DJI,Djibouti,11.3,1120849,24,262,12.9,12.6,85.40967897,99820,4.0851326,1.33,0.44,0.21,0.13,0.56,0.61,600000,Africa
DMA,Dominica,31.3,72737,27,212,13.4,4.6,96.57880825,6394,0,0.94,0.84,0.55,0.18,0.88,1.51,0,North America
DOM,Dominican Republic,29.3,11228821,26.5,214,4.6,4.6,157.4734852,1799544,11.336495,1.17,0.52,0.49,0.26,0.64,0.84,2900000,North America
ECU,Ecuador,27.4,18001000,27.3,218,13.9,1.5,95.25709244,1727535,10.501099,0.83,0.35,0.3,0.16,0.68,0.41,4800000,South America
EGY,Egypt,44.3,110990103,29.6,818,8.5,1.6,155.1891829,18085437,5.422779,1.59,0.41,0.47,0.24,0.66,0.5,46200000,Africa
SLV,El Salvador,30.9,6336392,27.7,222,6.8,2.7,91.36425383,579084,10.355628,0,0,0,0,0,0,0,North America
GNQ,Equatorial Guinea,17.7,1674908,24,226,0,9.1,79.69479847,150824,0,1.11,0.37,0.35,0.18,0.9,1.06,0,Africa
ERI,Eritrea,4.8,3684032,20.7,232,0,33.4,95.75602444,338555,0,0,0,0,0,0,0,0,Africa
EST,Estonia,22.2,1348840,26.4,233,1.8,1.5,59.63029657,81130,40.0546,0.75,0.65,0.73,0.09,0.36,0.83,100000,Europe
SWZ,Swaziland,30.1,1201670,26.8,748,12.4,4.2,86.05429588,106950,2.9537303,1.26,0.31,0.33,0.24,0.53,0.79,800000,Africa
ETH,Ethiopia,2.8,123379924,20.6,231,22.2,24.2,64.69318492,8543382,3.0618846,1.28,0.72,0.29,0.16,0.57,0.34,66300000,Africa
FJI,Fiji,33.8,929766,27.7,242,7.8,4.2,90.38161725,83945,6.643387,1.12,0.7,0.33,0.19,0.55,1.01,600000,Oceania
FIN,Finland,21.5,5556106,25.9,246,1.8,1.2,52.27057079,293620,51.83912,0.59,0.62,0.48,0.08,0.22,0.9,100000,Europe
FRA,France,9.7,67971311,25,250,1.8,3.9,59.24145548,3942430,49.779552,0.58,0.88,0.27,0.07,0.3,0.95,2200000,Europe
PYF,French Polynesia,48.1,306279,0,258,5.4,1.4,89.60742636,25252,0,0,0,0,0,0,0,0,Oceania
GAB,Gabon,21,2388992,25.2,266,20.1,7,85.01506528,215849,9.673192,1.02,0.45,0.37,0.14,0.59,1.03,800000,Africa
GMB,Gambia,14.9,2705992,24,270,20.5,11.7,90.33221135,249316,3.8196523,0.94,0.41,0.29,0.23,0.8,0.33,1200000,Africa
GEO,Georgia,34.7,3712502,27.6,268,4,2.3,99.17955075,377643,7.081152,0,0,0,0,0,0,0,Europe
DEU,Germany,20.4,83797985,26.6,276,1.8,1.4,76.90941217,6502860,59.369686,0.66,0.9,0.32,0.07,0.3,0.86,2100000,Europe
GHA,Ghana,12.9,33475870,23.9,288,6.2,6.2,81.6957133,2812571,3.7379272,1.6,0.28,0.44,0.29,0.77,0.51,20600000,Africa
GRC,Greece,28,10426919,27.1,300,1.8,1.3,89.96297697,903930,26.430964,0.9,0.66,0.33,0.13,0.43,0.8,2200000,Europe
GRL,Greenland,27,56661,0,304,0,2.5,84.49140401,4718,0,0,0,0,0,0,0,0,North America
GRD,Grenada,30.3,125438,27,308,0,4.2,101.3079424,11874,14.055036,0.96,1.19,0.56,0.23,0.75,1.43,100000,North America
GTM,Guatemala,26.8,17357886,26.6,320,12.6,2.6,88.52746871,1629472,6.169567,0.91,0.35,0.35,0.32,0.59,0.48,7900000,North America
GIN,Guinea,9.5,13859341,22.9,324,10.3,9.9,83.71980644,1235269,3.8037891,1.1,0.32,0.33,0.15,0.5,0.36,5000000,Africa
GNB,Guinea Bissau,11.5,2105566,23.4,624,32.2,9.5,88.180889,194117,3.1120498,1.12,0.45,0.24,0.18,0.6,0.85,1300000,Africa
GUY,Guyana,28.5,808726,26.4,328,1.8,7.5,85.78885243,71298,6.042705,0,0,0,0,0,0,100000,South America
HTI,Haiti,10.7,11584996,25.3,332,50.4,13.2,88.75108302,1044831,1.7051569,0,0,0,0,0,0,9400000,North America
HND,Honduras,29.5,10432860,26.8,340,20.4,3.1,86.85415262,940257,6.9277115,1.08,0.8,0.35,0.27,0.6,0.79,4000000,North America
HUN,Hungary,31.7,9643048,27.3,348,1.8,1.7,68.00439018,658020,28.789747,0.75,0.83,0.48,0.12,0.53,0.99,1200000,Europe
ISL,Iceland,21.2,382003,26.2,352,1.8,1.7,70.88531658,27886,56.521667,0.74,0.54,0.28,0.06,0.35,0.79,100000,Europe
IND,India,7.3,1417173173,21.8,356,13.7,14.7,53.89081423,78192338,3.9418383,0.91,0.53,0.37,0.24,0.42,0.64,830900000,Asia
IDN,Indonesia,11.2,275501339,23.1,360,7.2,9.1,51.95410035,14728364,5.7831755,1.25,0.91,0.46,0.13,0.69,0.78,127600000,Asia
IRN,Iran,24.3,88550570,26.1,364,6.5,3.6,89.64252679,8208360,10.912499,0,0,0,0,0,0,13200000,Asia
IRQ,Iraq,40.5,44496122,28.8,368,16.1,3.3,138.5299944,6378198,9.614323,1.38,0.58,0.36,0.15,0.62,0.57,12400000,Asia
IRL,Ireland,28.3,5127170,27.5,372,1.8,1.1,45.85329837,240960,50.1327,0.46,0.65,0.22,0.06,0.3,0.56,100000,Europe
ISR,Israel,22.5,9557500,27.3,376,1.8,3.5,93.15341823,874433,32.92121,0.71,0.71,0.27,0.08,0.41,0.57,1600000,Asia
ITA,Italy,17.3,58940425,25.6,380,1.8,1.9,106.453847,6317280,43.379395,0.75,0.93,0.32,0.07,0.32,0.81,4600000,Europe
JAM,Jamaica,33.8,2827377,27.8,388,7.3,4.2,85.71629837,243364,15.188954,0.95,1.47,0.64,0.23,0.53,2,700000,North America
JPN,Japan,5.5,125124989,22.7,392,3.4,8.9,59.78041744,7398006,41.49211,1.01,1.29,0.52,0.1,1.45,1.55,9500000,Asia
JOR,Jordan,38.5,11285869,29,400,17.9,3.4,98.39849735,1136788,13.392007,0.93,0.63,0.33,0.12,0.62,0.6,1500000,Asia
KAZ,Kazakhstan,18.4,19634983,26.4,398,1.8,3.1,82.99049173,1708990,10.810688,0.67,0.62,0.23,0.17,0.53,0.3,1000000,Asia
KEN,Kenya,12.4,54027487,23.3,404,34.5,11.8,77.10339182,4351168,2.6132443,1.2,0.31,0.31,0.32,0.64,0.35,41800000,Africa
KIR,Kiribati,46.3,131232,30.1,296,3.7,0.7,59.88789604,8056,5.325838,0,0,0,0,0,0,0,Oceania
KWT,Kuwait,41.4,4268873,29.6,414,1.8,0.8,230.3750524,1136788,0,0.45,0.61,0.13,0.15,0.33,0.91,0,Asia
KGZ,Kyrgyzstan,26.6,6974900,26.6,417,6.1,3.5,79.08255068,568288,6.0340743,0.94,1.02,0.4,0.23,0.68,0.55,2400000,Asia
LAO,Laos,8,7529475,22.9,418,5.4,8.4,86.72414548,673831,4.7573843,1.19,1.02,0.38,0.2,0.82,0.73,4300000,Asia
LVA,Latvia,24.3,1879383,26.7,428,1.8,1.9,81.0419527,151700,30.76944,0.87,0.77,0.34,0.12,0.45,0.8,300000,Europe
LBN,Lebanon,29.8,5489739,27.6,422,9.6,2.4,120.8806123,701828,26.116678,1.76,1,0.69,0.4,0.59,0.56,100000,Asia
LSO,Lesotho,21,2305825,24.9,426,0,6.9,88.07916421,205878,3.2375739,1.33,0.64,0.49,0.32,0.57,0.96,1700000,Africa
LBR,Liberia,17,5302681,24.1,430,38.4,6,86.87130533,487593,3.0950387,1.02,0.36,0.25,0.1,0.66,0.94,3400000,Africa
LBY,Libya,36.7,6812341,28.1,434,11.4,4.4,77.62301145,572937,0,0,0,0,0,0,0,0,Africa
LTU,Lithuania,25.4,2831639,26.4,440,1.8,1.4,12.76621046,36500,34.91118,0.79,0.62,0.35,0.09,0.42,0.89,200000,Europe
LUX,Luxembourg,18.4,653103,26.3,442,1.8,1.9,87.88534343,59150,79.70014,0.54,0.78,0.33,0.06,0.26,0.73,100000,Europe
MDG,Madagascar,4.3,29611714,21.3,450,39.7,17.5,85.22074144,2724081,1.1187238,1.3,0.45,0.36,0.28,0.62,0.42,27100000,Africa
MWI,Malawi,7.7,20405317,22.9,454,19.9,7.9,86.70824232,1877693,1.5339028,1.2,0.32,0.27,0.26,0.6,0.37,17600000,Africa
MYS,Malaysia,22.1,33938221,25.7,458,1.8,5.6,77.47430233,2754808,25.865078,0.81,0.85,0.33,0.14,0.56,0.71,900000,Asia
MDV,Maldives,17.3,523787,25.5,462,0,6.5,204.3903077,107877,15.8306,0.93,0.99,0.45,0.14,0.18,1.26,100000,Asia
MLI,Mali,11.4,22593590,23,466,9.6,9.3,84.90072962,2078251,3.3488104,1.34,0.35,0.26,0.18,0.59,0.47,12200000,Africa
MLT,Malta,32.3,531113,27.1,470,1.8,1.5,90.3620598,48760,48.106636,0.89,1.1,0.48,0.1,0.54,0.83,100000,Europe
MHL,Marshall Islands,45.9,41569,29.6,584,0,1.7,67.27388942,2526,9.188247,0,0,0,0,0,0,0,Oceania
MRT,Mauritania,22.7,4736139,24.9,478,9.3,8.6,81.72147638,422451,5.2766995,1.12,0.89,0.55,0.21,0.63,0.86,2500000,Africa
MUS,Mauritius,19.2,1262523,25.2,480,5.9,5.9,8.974409402,11408,12.731154,1.02,0.51,0.36,0.14,0.58,1.31,200000,Africa
MEX,Mexico,36,127504125,28,484,3.1,1.5,102.15761,13368447,11.628478,0.85,0.57,0.44,0.13,0.51,0.79,30700000,North America
FSM,Federated States of Micronesia,47.1,114164,29.7,583,0,2,37.15977377,4205,4.2220106,0,0,0,0,0,0,0,Oceania
MNG,Mongolia,24.1,3398366,26.2,496,1.8,3,17.3682363,60364,10.326545,0.84,2.38,0.49,0.21,0.5,0.85,800000,Asia
MNE,Montenegro,18,617213,26.5,499,1.8,1.7,84.65587748,54051,16.274788,0.89,0.7,0.47,0.15,0.57,0.89,100000,Europe
MAR,Morocco,21.8,37457971,26,504,6.9,5.4,110.810715,4219805,7.7121487,0.83,0.45,0.38,0.13,0.47,0.52,4400000,Africa
MOZ,Mozambique,10.3,32969518,22.8,508,24.8,10.1,87.58415676,3033197,1.2939788,1.21,0.22,0.41,0.27,0.6,0.54,28600000,Africa
MMR,Myanmar,7.4,54179306,22.6,104,5.3,14.3,77.46675694,4221946,5.47138,0,0,0,0,0,0,30900000,Asia
NAM,Namibia,17,2567012,24.2,516,22.2,13.3,76.59935382,232106,5.6841736,1.04,0.67,0.25,0.18,0.68,0.97,1500000,Africa
NRU,Nauru,69.9,12668,32.5,520,0,0.4,50.05440696,598,5.6519923,0,0,0,0,0,0,0,Oceania
NPL,Nepal,7,30547580,22.5,524,5.7,10.5,95.50765402,2831907,7.4121175,0.92,0.72,0.39,0.27,0.6,0.79,13100000,Asia
NLD,Netherlands,14.5,17700982,25.6,528,1.8,1.5,56.83564928,1036040,59.726303,0.61,0.69,0.25,0.07,0.32,0.59,200000,Europe
NZL,New Zealand,33.6,5117200,28,554,1.8,1.3,60.71991622,316590,0,0.69,0.86,0.31,0.06,0.33,0.61,0,Oceania
NIC,Nicaragua,33.6,6948392,27.2,558,19.6,3,90.59070522,626538,8.074234,1.23,0.54,0.33,0.2,0.88,0.89,1800000,North America
NER,Niger,6,26207977,21.8,562,13.3,18.9,89.19984907,2411286,2.1318378,1.5,0.72,0.26,0.18,0.43,0.47,21900000,Africa
NGA,Nigeria,12.4,218541212,23.2,566,18,9.6,106.549478,24791826,2.9532702,1.01,0.34,0.25,0.15,1,0.75,167400000,Africa
NIU,Niue,66.6,NIU,32.4,570,0,0.7,0,0,0,0,0,0,0,0,0,0,Oceania
MKD,Macedonia,27.5,1831712,26.8,807,1.8,2.3,98.3598554,179311,13.475552,1.18,0.78,0.44,0.15,0.55,0.77,400000,Europe
NOR,Norway,19.1,5457127,26.7,578,1.8,1.3,75.94868613,423540,65.29984,0.87,0.79,0.35,0.09,0.62,0.93,100000,Europe
PSE,West Bank,37.6,5043612,0,275,0,3.1,97.32851237,534863,11.421007,0.72,0.46,0.25,0.15,0.56,0.43,300000,Asia
OMN,Oman,31.1,4576298,26.3,512,5.7,4.5,85.4703363,451415,0,0.82,0.44,0.37,0.15,0.34,0.47,0,Asia
PAK,Pakistan,23,235824862,23.9,586,20.7,8.9,122.3976137,30754726,4.0731707,1.1,0.78,0.33,0.28,0.46,0.39,135800000,Asia
PLW,Palau,41.1,18055,29.5,585,0,1.2,71.37609494,1263,0,0,0,0,0,0,0,0,Oceania
PAN,Panama,36.1,4408581,26.9,591,5.6,2.5,98.62453993,445347,19.735992,1.22,0.75,0.38,0.2,0.76,1.12,2000000,North America
PNG,Papua New Guinea,20.5,10142619,25.6,598,27.7,3.1,85.39809956,903213,2.6180224,0,0,0,0,0,0,0,Oceania
PRY,Paraguay,33,6780744,26.7,600,4.5,2.6,89.37200089,619272,12.639644,0.84,0.74,0.96,0.14,0.45,1.02,1600000,South America
PER,Peru,27.3,34049588,26.7,604,7,1,87.19832952,2983735,9.394887,1.04,0.62,0.47,0.18,0.63,0.61,11400000,South America
PHL,Philippines,8.7,115559009,23.2,608,5.9,10.1,25.50481682,2954580,4.9763155,0.8,0.77,0.37,0.2,0.68,1.02,58500000,Asia
POL,Poland,27.5,36821749,26.7,616,1.8,1.7,62.05629593,2391600,33.879444,0.8,0.65,0.42,0.11,0.4,1.05,3100000,Europe
PRT,Portugal,21.8,10409704,25.6,620,1.8,1.6,122.1528397,1273480,29.239334,0.74,0.62,0.36,0.11,0.35,0.82,1300000,Europe
PRI,Puerto Rico,41.1,3220113,0,630,0,2.7,88.23360681,286071,0,0,0,0,0,0,0,0,North America
QAT,Qatar,43.1,2695122,29.2,634,0,1.8,82.28196902,250830,74.374855,0.72,0.46,0.25,0.15,0.56,0.49,0,Asia
KOR,South Korea,7.3,51672569,23.8,410,1.8,4.1,95.15302334,4921086,50.183186,1.44,1.4,0.5,0.11,0.5,1.63,5200000,Asia
MDA,Moldova,23,2538894,27,498,1.8,1.7,76.13312861,231061,10.60901,0.78,0.75,0.21,0.16,0.55,0.41,300000,Europe
ROU,Romania,34,19047009,26.9,642,1.8,2.3,69.62840059,1323991,23.197407,1.02,0.72,0.42,0.11,0.44,0.53,11500000,Europe
RUS,Russia,24.2,144236933,26.2,643,1.8,2.5,33.35017263,4829772,17.48153,0.64,0.62,0.29,0.15,0.41,0.52,2700000,Asia
RWA,Rwanda,4.9,13776698,22.1,646,31.4,8.6,135.9202755,1937761,2.0738049,1.43,0.4,0.22,0.23,0.62,0.32,10000000,Africa
KNA,Saint Kitts and Nevis,45.6,47657,29.5,659,0,2.7,93.95213799,4401,0,0.68,0.9,0.4,0.18,0.63,1.15,0,North America
LCA,Saint Lucia,33.5,179857,30,662,0,3.8,91.4689781,16441,13.024724,0.93,0.51,0.32,0.22,0.81,1.08,100000,North America
VCT,Saint Vincent and the Grenadines,33.2,103948,27.2,670,4.8,3.8,90.78079033,9134,0,0.81,0.73,0.72,0.27,0.87,1.55,0,North America
WSM,Samoa,62.4,222382,32.2,882,5.4,0.4,86.49246167,18857,7.5771036,0,0,0,0,0,0,0,Oceania
STP,Sao Tome and Principe,16.5,227380,24.8,678,16.4,6.4,87.03128184,20499,3.998577,0.87,0.15,0.28,0.11,0.52,0.78,100000,Africa
SAU,Saudi Arabia,40.6,36408820,28.5,682,3,4,112.4371665,3818681,0,1.02,0.8,0.43,0.24,0.27,0.45,0,Asia
SEN,Senegal,10.2,17316449,23,686,4.6,19.2,71.80234569,1328487,4.4646606,1.05,0.29,0.31,0.19,0.52,0.61,8000000,Africa
SRB,Republic of Serbia,22.5,6664449,26.1,688,1.8,2.7,115.8634961,780482,16.992344,0.98,0.75,0.59,0.13,0.69,0.86,600000,Europe
SYC,Seychelles,29.4,119878,26.7,690,1.8,3.9,154.0354859,20089,19.497965,1.04,0.32,0.37,0.16,0.58,1.15,100000,Africa
SLE,Sierra Leone,7.1,8605718,22.7,694,28.4,7.4,91.65785314,792109,2.9593496,1.18,0.26,0.38,0.11,0.65,0.42,5200000,Africa
SGP,Singapore,13.9,5637022,23.6,702,0,6.7,70.15683108,409182,0,0.67,0.81,0.35,0.12,0.53,0.76,0,Asia
SVK,Slovakia,26.8,5431752,26.4,703,3.6,1.9,66.57272153,366600,23.478302,0.62,0.64,0.33,0.09,0.37,0.92,1100000,Europe
SVN,Slovenia,19.4,2111986,26.6,705,1.8,1.6,36.02208902,76320,43.440727,0.74,0.75,0.39,0.08,0.31,0.76,100000,Europe
SLB,Solomon Islands,22.6,724273,26.3,90,19.4,2,38.13730014,31242,3.103404,0,0,0,0,0,0,0,Oceania
SOM,Somalia,14.6,17597511,23.2,706,51.3,19,85.17859773,1619177,0,1.3,0.37,0.73,0.24,0.71,0.79,0,Africa
ZAF,South Africa,30.8,59893885,27.3,710,8.1,5.2,44.05724668,2819981,4.7534223,1.08,0.66,0.31,0.1,0.56,0.68,36400000,Africa
SSD,South Sudan,8.6,10913164,0,728,19.6,17.1,84.03854849,1003706,1.5208117,1.48,0.4,0.45,0.2,0.72,0.7,10000000,Africa
ESP,Spain,15.7,47778340,25.9,724,1.8,1.8,60.43084501,2895272,41.36567,0.68,0.83,0.23,0.08,0.31,0.79,4400000,Europe
LKA,Sri Lanka,10.6,22181000,23.1,144,4.1,13.4,71.68354715,1656148,6.91304,1.01,0.97,0.24,0.43,0.53,0.93,7400000,Asia
SDN,Sudan,17,46874204,0,729,11.4,16.1,107.3267458,5414527,3.6616235,0.66,0.25,0.24,0.2,0.35,0.42,19000000,Africa
SUR,Suriname,29,618040,26.5,740,10.1,7.2,89.26108592,56630,13.008748,1.12,1.07,0.95,0.22,0.62,1.45,200000,South America
SWE,Sweden,15.3,10486941,26,752,1.8,1.3,60.67219761,643550,51.530468,0.59,0.81,0.4,0.09,0.31,0.9,400000,Europe
CHE,Switzerland,12.1,8775760,25.2,756,1.8,2.6,116.7766572,1041879,65.79692,0.63,0.63,0.34,0.11,0.24,0.7,100000,Europe
SYR,Syria,33.9,22125249,28.3,760,34,3.5,153.9359943,3798032,2.959133,1.86,0.84,0.62,0.49,0.94,0.37,18400000,Asia
TUR,Turkey,33.3,84979913,27.9,792,1.8,2.1,99.39339551,8694318,19.567127,1.14,0.97,0.42,0.19,0.51,0.6,7400000,Europe
TJK,Tajikistan,23.8,9952787,26.1,762,8.7,4.2,80.52771719,852861,5.334834,0.99,0.89,0.27,0.27,0.76,0.53,3200000,Asia
THA,Thailand,15.4,71697030,24.4,764,5.6,6.3,86.23748395,6180468,12.927706,0.89,0.79,0.98,0.15,0.82,0.89,13100000,Asia
TLS,East Timor,2.4,1341296,21.3,626,15.9,21.1,74.55091958,104419,2.8969195,0,0,0,0,0,0,0,Asia
TGO,Togo,11.6,8848699,23.6,768,12.8,7.7,85.56673295,814188,3.2011387,1.2,0.28,0.23,0.19,0.61,0.35,4700000,Africa
TON,Tonga,71.7,106858,32.2,776,0,0.3,93.01655868,9690,9.959987,0,0,0,0,0,0,0,Oceania
TTO,Trinidad and Tobago,28.1,1531044,27.6,780,12.6,6.2,89.3187335,134673,10.1245775,0.92,1.22,0.4,0.18,0.69,1.1,600000,North America
TUN,Tunisia,26.8,12356117,26.3,788,3.2,3.8,172.8266447,2121810,11.934058,1.17,1.19,0.59,0.18,0.3,0.61,900000,Africa
TKM,Turkmenistan,21.4,6430770,26.6,795,4.1,3,75.57982521,566433,2.3988008,0,0,0,0,0,0,0,Asia
TUV,Tuvalu,64.2,11312,30.8,798,0,0.7,91.33319511,881,6.2684546,0,0,0,0,0,0,0,Oceania
UGA,Uganda,7.9,47249585,22.5,800,36.9,11.4,104.1500667,5209076,2.4753115,1.21,0.3,0.3,0.28,0.64,0.42,32700000,Africa
UKR,Ukraine,23.6,38000000,26.6,804,5.8,1.5,72.84792473,2758037,12.599212,0,0,0,0,0,0,0,Europe
ARE,United Arab Emirates,32.1,9441129,28.4,784,2.7,2.2,84.37639996,930427,74.25184,0.99,0.48,0.35,0.26,0.45,0.32,100000,Asia
GBR,United Kingdom,26.8,67791000,27.1,826,1.8,1.7,73.72198003,5097005,46.870113,0.47,0.58,0.23,0.06,0.16,0.44,2000000,Europe
TZA,United Republic of Tanzania,12.6,65497748,23.2,834,23.8,10.6,145.2810231,9960496,2.3307555,0.93,0.15,0.27,0.3,0.59,0.19,47800000,Africa
USA,United States of America,42,333271411,28.9,840,1.8,1.7,71.55358151,24716539,62.40085,0.56,0.53,0.17,0.06,0.29,0.74,8400000,North America
URY,Uruguay,33.3,3422794,27.4,858,1.8,2.1,88.8900044,301034,20.99745,0.79,0.81,0.48,0.11,0.44,0.67,1300000,South America
UZB,Uzbekistan,30,35648100,26.9,860,1.8,2.5,81.63212043,2968299,12.050619,1.39,1.29,0.47,0.29,1.05,0.6,5300000,Asia
VUT,Vanuatu,21.3,326740,26.2,548,7.9,2.4,142.4352532,46687,4.6742573,0,0,0,0,0,0,0,Oceania
VEN,Venezuela,22.7,28301696,26.7,862,17.6,4.4,92.47712591,2626859,8.490453,0,0,0,0,0,0,0,South America
VNM,Vietnam,2,98186856,21.9,704,5.2,12.4,70.10546798,7079811,11.452532,1.24,0.59,0.37,0.18,0.69,0.62,9400000,Asia
YEM,Yemen,13.7,33696614,23.8,887,39.5,13.6,85.99856591,3490097,3.4357183,0,0,0,0,0,0,0,Asia
ZMB,Zambia,11.1,20017675,22.6,894,35.4,8.2,73.1859254,1559958,1.4850891,1.03,0.35,0.39,0.22,0.91,0.3,15800000,Africa
ZWE,Zimbabwe,14.2,16320537,23.8,716,38.1,6.9,47.56702977,791249,2.6548173,0,0,0,0,0,0,0,Africa
